{
  "mean": [
    0.02856144342125595,
    0.01238992213118092,
    0.032225027457385653
  ],
  "std": [
    0.08759301544863994,
    0.06059323902318705,
    0.10618328877785052
  ],
  "n_train_cases": 400,
  "n_surface_points_total": 3434177441
}