{
  "version": 2,
  "hk_root": "/mnt/new-pvc/Processed/curvatures_haku_v1",
  "k1k2_root": "/mnt/new-pvc/Processed/curvatures_haku_v1_k1k2",
  "stats": {
    "H": {
      "p5": -0.5091363787651061,
      "p95": 0.2637461021542552,
      "median": -0.00024671212304383516,
      "mean": -0.026874536648392677,
      "std": 0.32544344663619995,
      "n_samples": 20000000
    },
    "K": {
      "p5": -8.061740836527685e-13,
      "p95": 0.6814860790967943,
      "median": 2.1652511350112036e-05,
      "mean": 0.10939457267522812,
      "std": 0.45383286476135254,
      "n_samples": 20000000
    },
    "k1": {
      "p5": -0.3366857662796974,
      "p95": 0.3529178097844127,
      "median": -7.531611481681466e-05,
      "mean": 0.006759041454643011,
      "std": 0.3167147636413574,
      "n_samples": 20000000
    },
    "k2": {
      "p5": -0.6428853541612625,
      "p95": 0.16146018803119677,
      "median": -0.0005098592373542488,
      "mean": -0.05891531705856323,
      "std": 0.3334326446056366,
      "n_samples": 20000000
    }
  }
}