{
  "version": "k16_v1",
  "k": 16,
  "channels": [
    "kappa_H",
    "kappa_G",
    "kappa_mag"
  ],
  "n_train_points": 3434177441,
  "n_train_cases": 400,
  "mean": [
    0.02856144342125595,
    0.01238992213118092,
    0.032225027457385653
  ],
  "std": [
    0.08759301544863994,
    0.06059323902318705,
    0.10618328877785052
  ],
  "raw_min": [
    0.0,
    0.0,
    0.0
  ],
  "raw_max": [
    1.6250178813934326,
    1.0,
    1.7355008125305176
  ]
}
