{
  "wandb_name": "tanjiro/h213-splice-k5",
  "splice_k": 5,
  "val": {
    "loss": 0.004724775479486961,
    "surface_loss": 0.005814262083293609,
    "volume_loss": 0.0021016478750732408,
    "surface_pressure_mae": 0.010923863142528285,
    "wall_shear_mae": 0.05956170036801847,
    "wall_shear_vector_mae": 0.12347759125305381,
    "wall_shear_x_mae": 0.07764161105830467,
    "wall_shear_y_mae": 0.0505445143281706,
    "wall_shear_z_mae": 0.05049897560790859,
    "volume_pressure_mae": 7.0363571237775435,
    "surface_pressure_rel_l2": 0.04055351798184086,
    "surface_pressure_rel_l2_pct": 4.055351798184086,
    "wall_shear_rel_l2": 0.06967058696203698,
    "wall_shear_rel_l2_pct": 6.967058696203699,
    "wall_shear_x_rel_l2": 0.060923775348381365,
    "wall_shear_x_rel_l2_pct": 6.092377534838136,
    "wall_shear_y_rel_l2": 0.07608324243557325,
    "wall_shear_y_rel_l2_pct": 7.608324243557325,
    "wall_shear_z_rel_l2": 0.09375063543659971,
    "wall_shear_z_rel_l2_pct": 9.375063543659971,
    "volume_pressure_rel_l2": 0.03547750442399759,
    "volume_pressure_rel_l2_pct": 3.547750442399759,
    "abupt_axis_mean_rel_l2": 0.061357735125278555,
    "abupt_axis_mean_rel_l2_pct": 6.135773512527855,
    "cases": 34.0,
    "surface_cases": 34.0,
    "volume_cases": 34.0
  },
  "test": {
    "loss": 0.00421185407779071,
    "surface_loss": 0.005135072031333808,
    "volume_loss": 0.001979996722266257,
    "surface_pressure_mae": 0.010589542557998448,
    "wall_shear_mae": 0.057510198135541014,
    "wall_shear_vector_mae": 0.11915515722099893,
    "wall_shear_x_mae": 0.074382743596231,
    "wall_shear_y_mae": 0.04903035142885975,
    "wall_shear_z_mae": 0.049117499779915336,
    "volume_pressure_mae": 6.860936843173578,
    "surface_pressure_rel_l2": 0.03694773315923086,
    "surface_pressure_rel_l2_pct": 3.694773315923086,
    "wall_shear_rel_l2": 0.06752278923766909,
    "wall_shear_rel_l2_pct": 6.75227892376691,
    "wall_shear_x_rel_l2": 0.05998955501359421,
    "wall_shear_x_rel_l2_pct": 5.998955501359421,
    "wall_shear_y_rel_l2": 0.07360416094783824,
    "wall_shear_y_rel_l2_pct": 7.360416094783824,
    "wall_shear_z_rel_l2": 0.0871995346274691,
    "wall_shear_z_rel_l2_pct": 8.71995346274691,
    "volume_pressure_rel_l2": 0.03421303624451575,
    "volume_pressure_rel_l2_pct": 3.421303624451575,
    "abupt_axis_mean_rel_l2": 0.058390803998529625,
    "abupt_axis_mean_rel_l2_pct": 5.839080399852962,
    "cases": 50.0,
    "surface_cases": 50.0,
    "volume_cases": 50.0
  },
  "slopes": {
    "slope/abupt_axis_mean_rel_l2_pct": -0.29669311267489284,
    "slope/surface_pressure_rel_l2_pct": -0.36057848226099987,
    "slope/wall_shear_rel_l2_pct": -0.21477977243678925,
    "slope/wall_shear_x_rel_l2_pct": -0.09342203347871525,
    "slope/wall_shear_y_rel_l2_pct": -0.24790814877350087,
    "slope/wall_shear_z_rel_l2_pct": -0.6551100809130617,
    "slope/volume_pressure_rel_l2_pct": -0.1264468179481839,
    "slope/surface_pressure_mae": -0.0003343205845298368,
    "slope/wall_shear_mae": -0.0020515022324774576,
    "slope/wall_shear_vector_mae": -0.0043224340320548865,
    "slope/volume_pressure_mae": -0.17542028060396575
  },
  "val_seconds": 481.0138416290283,
  "test_seconds": 730.1358602046967
}