{
  "wandb_name": "tanjiro/h213-splice-k2",
  "splice_k": 2,
  "val": {
    "loss": 0.5156367485648589,
    "surface_loss": 0.5817256627508703,
    "volume_loss": 0.3565162467235875,
    "surface_pressure_mae": 0.1765854348289061,
    "wall_shear_mae": 0.7738844419510593,
    "wall_shear_vector_mae": 1.58993739978922,
    "wall_shear_x_mae": 0.9766580943456722,
    "wall_shear_y_mae": 0.7706670233315703,
    "wall_shear_z_mae": 0.5743282064347933,
    "volume_pressure_mae": 95.31720716622979,
    "surface_pressure_rel_l2": 0.5445530756279076,
    "surface_pressure_rel_l2_pct": 54.45530756279076,
    "wall_shear_rel_l2": 0.6845725946423605,
    "wall_shear_rel_l2_pct": 68.45725946423606,
    "wall_shear_x_rel_l2": 0.5914882621492025,
    "wall_shear_x_rel_l2_pct": 59.14882621492025,
    "wall_shear_y_rel_l2": 0.8608890464009938,
    "wall_shear_y_rel_l2_pct": 86.08890464009939,
    "wall_shear_z_rel_l2": 0.7909294959781882,
    "wall_shear_z_rel_l2_pct": 79.09294959781882,
    "volume_pressure_rel_l2": 0.4693780778189434,
    "volume_pressure_rel_l2_pct": 46.93780778189434,
    "abupt_axis_mean_rel_l2": 0.6514475915950471,
    "abupt_axis_mean_rel_l2_pct": 65.1447591595047,
    "cases": 34.0,
    "surface_cases": 34.0,
    "volume_cases": 34.0
  },
  "test": {
    "loss": 0.5192082132077636,
    "surface_loss": 0.58357523045152,
    "volume_loss": 0.3636024861556401,
    "surface_pressure_mae": 0.17790919427479593,
    "wall_shear_mae": 0.7719531060441438,
    "wall_shear_vector_mae": 1.5868670041268562,
    "wall_shear_x_mae": 0.9662050845290291,
    "wall_shear_y_mae": 0.7726375042510785,
    "wall_shear_z_mae": 0.5770167337473523,
    "volume_pressure_mae": 96.0130394844062,
    "surface_pressure_rel_l2": 0.5438245085360783,
    "surface_pressure_rel_l2_pct": 54.382450853607835,
    "wall_shear_rel_l2": 0.6883601649668611,
    "wall_shear_rel_l2_pct": 68.83601649668611,
    "wall_shear_x_rel_l2": 0.5947556509540912,
    "wall_shear_x_rel_l2_pct": 59.475565095409124,
    "wall_shear_y_rel_l2": 0.8676320759297563,
    "wall_shear_y_rel_l2_pct": 86.76320759297563,
    "wall_shear_z_rel_l2": 0.7806354128946384,
    "wall_shear_z_rel_l2_pct": 78.06354128946384,
    "volume_pressure_rel_l2": 0.4717744656686279,
    "volume_pressure_rel_l2_pct": 47.17744656686279,
    "abupt_axis_mean_rel_l2": 0.6517244227966384,
    "abupt_axis_mean_rel_l2_pct": 65.17244227966384,
    "cases": 50.0,
    "surface_cases": 50.0,
    "volume_cases": 50.0
  },
  "slopes": {
    "slope/abupt_axis_mean_rel_l2_pct": 0.027683120159139207,
    "slope/surface_pressure_rel_l2_pct": -0.07285670918292197,
    "slope/wall_shear_rel_l2_pct": 0.37875703245005354,
    "slope/wall_shear_x_rel_l2_pct": 0.32673888048887534,
    "slope/wall_shear_y_rel_l2_pct": 0.6743029528762463,
    "slope/wall_shear_z_rel_l2_pct": -1.0294083083549737,
    "slope/volume_pressure_rel_l2_pct": 0.2396387849684487,
    "slope/surface_pressure_mae": 0.0013237594458898327,
    "slope/wall_shear_mae": -0.0019313359069155212,
    "slope/wall_shear_vector_mae": -0.0030703956623638895,
    "slope/volume_pressure_mae": 0.6958323181764143
  },
  "val_seconds": 480.57663655281067,
  "test_seconds": 730.4083759784698
}