{
  "wandb_name": "tanjiro/h213-splice-k0",
  "splice_k": 0,
  "val": {
    "loss": 1.0979061954586506,
    "surface_loss": 1.1803196764261632,
    "volume_loss": 0.8994814730743879,
    "surface_pressure_mae": 0.26554948271612083,
    "wall_shear_mae": 1.0968185613725812,
    "wall_shear_vector_mae": 2.265225135075888,
    "wall_shear_x_mae": 1.5371105793874291,
    "wall_shear_y_mae": 0.8791190821484913,
    "wall_shear_z_mae": 0.8742260201741502,
    "volume_pressure_mae": 164.32300141904923,
    "surface_pressure_rel_l2": 0.786614282567152,
    "surface_pressure_rel_l2_pct": 78.6614282567152,
    "wall_shear_rel_l2": 0.9937138144078836,
    "wall_shear_rel_l2_pct": 99.37138144078837,
    "wall_shear_x_rel_l2": 0.9176731228704439,
    "wall_shear_x_rel_l2_pct": 91.76731228704439,
    "wall_shear_y_rel_l2": 1.0929990482687633,
    "wall_shear_y_rel_l2_pct": 109.29990482687633,
    "wall_shear_z_rel_l2": 1.1729551410041759,
    "wall_shear_z_rel_l2_pct": 117.29551410041759,
    "volume_pressure_rel_l2": 0.7453818459548167,
    "volume_pressure_rel_l2_pct": 74.53818459548167,
    "abupt_axis_mean_rel_l2": 0.9431246881330704,
    "abupt_axis_mean_rel_l2_pct": 94.31246881330704,
    "cases": 34.0,
    "surface_cases": 34.0,
    "volume_cases": 34.0
  },
  "test": {
    "loss": 1.110210129532423,
    "surface_loss": 1.1862556227616927,
    "volume_loss": 0.9263719656764511,
    "surface_pressure_mae": 0.2661726206345143,
    "wall_shear_mae": 1.092501981021414,
    "wall_shear_vector_mae": 2.2611261023825664,
    "wall_shear_x_mae": 1.5312131891842111,
    "wall_shear_y_mae": 0.8731993292158424,
    "wall_shear_z_mae": 0.8730934211160724,
    "volume_pressure_mae": 166.84198950290536,
    "surface_pressure_rel_l2": 0.7876651429734212,
    "surface_pressure_rel_l2_pct": 78.76651429734211,
    "wall_shear_rel_l2": 1.004279356662804,
    "wall_shear_rel_l2_pct": 100.4279356662804,
    "wall_shear_x_rel_l2": 0.9365696975563657,
    "wall_shear_x_rel_l2_pct": 93.65696975563657,
    "wall_shear_y_rel_l2": 1.0937926350725151,
    "wall_shear_y_rel_l2_pct": 109.37926350725151,
    "wall_shear_z_rel_l2": 1.1521387576948074,
    "wall_shear_z_rel_l2_pct": 115.21387576948075,
    "volume_pressure_rel_l2": 0.7527142227817106,
    "volume_pressure_rel_l2_pct": 75.27142227817106,
    "abupt_axis_mean_rel_l2": 0.944576091215764,
    "abupt_axis_mean_rel_l2_pct": 94.4576091215764,
    "cases": 50.0,
    "surface_cases": 50.0,
    "volume_cases": 50.0
  },
  "slopes": {
    "slope/abupt_axis_mean_rel_l2_pct": 0.14514030826936164,
    "slope/surface_pressure_rel_l2_pct": 0.10508604062691518,
    "slope/wall_shear_rel_l2_pct": 1.056554225492036,
    "slope/wall_shear_x_rel_l2_pct": 1.8896574685921763,
    "slope/wall_shear_y_rel_l2_pct": 0.07935868037517935,
    "slope/wall_shear_z_rel_l2_pct": -2.0816383309368405,
    "slope/volume_pressure_rel_l2_pct": 0.733237682689392,
    "slope/surface_pressure_mae": 0.0006231379183934682,
    "slope/wall_shear_mae": -0.00431658035116711,
    "slope/wall_shear_vector_mae": -0.004099032693321458,
    "slope/volume_pressure_mae": 2.5189880838561294
  },
  "val_seconds": 480.9355003833771,
  "test_seconds": 731.961505651474
}