{
  "wandb_name": "tanjiro/h213-splice-k1",
  "splice_k": 1,
  "val": {
    "loss": 0.7838829875274954,
    "surface_loss": 0.8890944005551059,
    "volume_loss": 0.5305682970596931,
    "surface_pressure_mae": 0.23006866259397624,
    "wall_shear_mae": 0.9731725921652351,
    "wall_shear_vector_mae": 1.984220172966326,
    "wall_shear_x_mae": 1.2991243614387513,
    "wall_shear_y_mae": 0.888897592300471,
    "wall_shear_z_mae": 0.7314958228380988,
    "volume_pressure_mae": 118.54365932431847,
    "surface_pressure_rel_l2": 0.7085738774420586,
    "surface_pressure_rel_l2_pct": 70.85738774420585,
    "wall_shear_rel_l2": 0.8417424604834064,
    "wall_shear_rel_l2_pct": 84.17424604834063,
    "wall_shear_x_rel_l2": 0.7470691700583061,
    "wall_shear_x_rel_l2_pct": 74.7069170058306,
    "wall_shear_y_rel_l2": 1.0137649827743398,
    "wall_shear_y_rel_l2_pct": 101.37649827743398,
    "wall_shear_z_rel_l2": 0.9741987380247764,
    "wall_shear_z_rel_l2_pct": 97.41987380247764,
    "volume_pressure_rel_l2": 0.5727663772028153,
    "volume_pressure_rel_l2_pct": 57.27663772028153,
    "abupt_axis_mean_rel_l2": 0.8032746291004592,
    "abupt_axis_mean_rel_l2_pct": 80.32746291004592,
    "cases": 34.0,
    "surface_cases": 34.0,
    "volume_cases": 34.0
  },
  "test": {
    "loss": 0.7906841956560086,
    "surface_loss": 0.8936798628611761,
    "volume_loss": 0.5416946298045137,
    "surface_pressure_mae": 0.2358922304155158,
    "wall_shear_mae": 0.9648352393466404,
    "wall_shear_vector_mae": 1.964268239980731,
    "wall_shear_x_mae": 1.2701007682848546,
    "wall_shear_y_mae": 0.8867974649347883,
    "wall_shear_z_mae": 0.7376074838218132,
    "volume_pressure_mae": 119.14484770101726,
    "surface_pressure_rel_l2": 0.7174389375017742,
    "surface_pressure_rel_l2_pct": 71.74389375017742,
    "wall_shear_rel_l2": 0.8436632008426632,
    "wall_shear_rel_l2_pct": 84.36632008426632,
    "wall_shear_x_rel_l2": 0.7495676940829915,
    "wall_shear_x_rel_l2_pct": 74.95676940829915,
    "wall_shear_y_rel_l2": 1.0171769376398452,
    "wall_shear_y_rel_l2_pct": 101.71769376398451,
    "wall_shear_z_rel_l2": 0.9588481213006453,
    "wall_shear_z_rel_l2_pct": 95.88481213006453,
    "volume_pressure_rel_l2": 0.5759933165039557,
    "volume_pressure_rel_l2_pct": 57.59933165039557,
    "abupt_axis_mean_rel_l2": 0.8038050014058424,
    "abupt_axis_mean_rel_l2_pct": 80.38050014058425,
    "cases": 50.0,
    "surface_cases": 50.0,
    "volume_cases": 50.0
  },
  "slopes": {
    "slope/abupt_axis_mean_rel_l2_pct": 0.05303723053832243,
    "slope/surface_pressure_rel_l2_pct": 0.8865060059715688,
    "slope/wall_shear_rel_l2_pct": 0.1920740359256854,
    "slope/wall_shear_x_rel_l2_pct": 0.249852402468548,
    "slope/wall_shear_y_rel_l2_pct": 0.3411954865505322,
    "slope/wall_shear_z_rel_l2_pct": -1.5350616724131072,
    "slope/volume_pressure_rel_l2_pct": 0.3226939301140419,
    "slope/surface_pressure_mae": 0.00582356782153956,
    "slope/wall_shear_mae": -0.008337352818594712,
    "slope/wall_shear_vector_mae": -0.019951932985595056,
    "slope/volume_pressure_mae": 0.6011883766987864
  },
  "val_seconds": 481.52959966659546,
  "test_seconds": 730.553040266037
}