{
  "wandb_name": "tanjiro/h213-splice-k3",
  "splice_k": 3,
  "val": {
    "loss": 0.33677302022124267,
    "surface_loss": 0.3756020520699519,
    "volume_loss": 0.24328540418343708,
    "surface_pressure_mae": 0.13977906461065162,
    "wall_shear_mae": 0.6168427865948517,
    "wall_shear_vector_mae": 1.266079154088047,
    "wall_shear_x_mae": 0.8024643128373774,
    "wall_shear_y_mae": 0.5652379885350007,
    "wall_shear_z_mae": 0.48282605992887484,
    "volume_pressure_mae": 73.13707765701287,
    "surface_pressure_rel_l2": 0.43202370868459533,
    "surface_pressure_rel_l2_pct": 43.20237086845953,
    "wall_shear_rel_l2": 0.5484529950914528,
    "wall_shear_rel_l2_pct": 54.845299509145285,
    "wall_shear_x_rel_l2": 0.4757850219627291,
    "wall_shear_x_rel_l2_pct": 47.57850219627291,
    "wall_shear_y_rel_l2": 0.6565705610932158,
    "wall_shear_y_rel_l2_pct": 65.65705610932157,
    "wall_shear_z_rel_l2": 0.6780202001748111,
    "wall_shear_z_rel_l2_pct": 67.80202001748111,
    "volume_pressure_rel_l2": 0.38795039300191414,
    "volume_pressure_rel_l2_pct": 38.79503930019141,
    "abupt_axis_mean_rel_l2": 0.5260699769834531,
    "abupt_axis_mean_rel_l2_pct": 52.60699769834532,
    "cases": 34.0,
    "surface_cases": 34.0,
    "volume_cases": 34.0
  },
  "test": {
    "loss": 0.33588387678055753,
    "surface_loss": 0.3732549790674856,
    "volume_loss": 0.24554012945302742,
    "surface_pressure_mae": 0.1400342792838841,
    "wall_shear_mae": 0.6116309957074487,
    "wall_shear_vector_mae": 1.2554045381120913,
    "wall_shear_x_mae": 0.7888921920726982,
    "wall_shear_y_mae": 0.5632899163348399,
    "wall_shear_z_mae": 0.48271087836712834,
    "volume_pressure_mae": 73.19875361144254,
    "surface_pressure_rel_l2": 0.42827012537125475,
    "surface_pressure_rel_l2_pct": 42.827012537125476,
    "wall_shear_rel_l2": 0.5489503232325743,
    "wall_shear_rel_l2_pct": 54.89503232325743,
    "wall_shear_x_rel_l2": 0.4765604457455568,
    "wall_shear_x_rel_l2_pct": 47.65604457455568,
    "wall_shear_y_rel_l2": 0.6565649627899799,
    "wall_shear_y_rel_l2_pct": 65.65649627899799,
    "wall_shear_z_rel_l2": 0.6670585422421054,
    "wall_shear_z_rel_l2_pct": 66.70585422421054,
    "volume_pressure_rel_l2": 0.38776693096932674,
    "volume_pressure_rel_l2_pct": 38.776693096932675,
    "abupt_axis_mean_rel_l2": 0.5232442014236447,
    "abupt_axis_mean_rel_l2_pct": 52.32442014236447,
    "cases": 50.0,
    "surface_cases": 50.0,
    "volume_cases": 50.0
  },
  "slopes": {
    "slope/abupt_axis_mean_rel_l2_pct": -0.28257755598085055,
    "slope/surface_pressure_rel_l2_pct": -0.3753583313340556,
    "slope/wall_shear_rel_l2_pct": 0.04973281411214714,
    "slope/wall_shear_x_rel_l2_pct": 0.07754237828277155,
    "slope/wall_shear_y_rel_l2_pct": -0.0005598303235814228,
    "slope/wall_shear_z_rel_l2_pct": -1.096165793270572,
    "slope/volume_pressure_rel_l2_pct": -0.018346203258737148,
    "slope/surface_pressure_mae": 0.0002552146732324734,
    "slope/wall_shear_mae": -0.005211790887402978,
    "slope/wall_shear_vector_mae": -0.010674615975955648,
    "slope/volume_pressure_mae": 0.06167595442967411
  },
  "val_seconds": 482.34234619140625,
  "test_seconds": 732.0044755935669
}