{
  "wandb_name": "tanjiro/h213-splice-k4",
  "splice_k": 4,
  "val": {
    "loss": 0.1511022513383239,
    "surface_loss": 0.1713151244139727,
    "volume_loss": 0.10243626027061271,
    "surface_pressure_mae": 0.08679077176124465,
    "wall_shear_mae": 0.40420207340221437,
    "wall_shear_vector_mae": 0.8332064145084583,
    "wall_shear_x_mae": 0.520959175227821,
    "wall_shear_y_mae": 0.3517710740018821,
    "wall_shear_z_mae": 0.3398759672634104,
    "volume_pressure_mae": 51.03660614060253,
    "surface_pressure_rel_l2": 0.27864023736714805,
    "surface_pressure_rel_l2_pct": 27.864023736714806,
    "wall_shear_rel_l2": 0.3691970248705234,
    "wall_shear_rel_l2_pct": 36.91970248705234,
    "wall_shear_x_rel_l2": 0.32098470513664057,
    "wall_shear_x_rel_l2_pct": 32.098470513664054,
    "wall_shear_y_rel_l2": 0.4005950528885409,
    "wall_shear_y_rel_l2_pct": 40.05950528885409,
    "wall_shear_z_rel_l2": 0.509529206868284,
    "wall_shear_z_rel_l2_pct": 50.95292068682839,
    "volume_pressure_rel_l2": 0.25142149087007254,
    "volume_pressure_rel_l2_pct": 25.142149087007255,
    "abupt_axis_mean_rel_l2": 0.3522341386261372,
    "abupt_axis_mean_rel_l2_pct": 35.223413862613725,
    "cases": 34.0,
    "surface_cases": 34.0,
    "volume_cases": 34.0
  },
  "test": {
    "loss": 0.15028254154891665,
    "surface_loss": 0.16976900003817788,
    "volume_loss": 0.10317449350298004,
    "surface_pressure_mae": 0.08587565277808926,
    "wall_shear_mae": 0.4009889997111017,
    "wall_shear_vector_mae": 0.8264712546105629,
    "wall_shear_x_mae": 0.5132233869893792,
    "wall_shear_y_mae": 0.35076925100325923,
    "wall_shear_z_mae": 0.3389743623798329,
    "volume_pressure_mae": 51.336369301288435,
    "surface_pressure_rel_l2": 0.2726161562478803,
    "surface_pressure_rel_l2_pct": 27.261615624788032,
    "wall_shear_rel_l2": 0.3707492802424813,
    "wall_shear_rel_l2_pct": 37.07492802424813,
    "wall_shear_x_rel_l2": 0.32325696132068393,
    "wall_shear_x_rel_l2_pct": 32.325696132068394,
    "wall_shear_y_rel_l2": 0.40253607957295323,
    "wall_shear_y_rel_l2_pct": 40.25360795729532,
    "wall_shear_z_rel_l2": 0.4984190662356657,
    "wall_shear_z_rel_l2_pct": 49.841906623566565,
    "volume_pressure_rel_l2": 0.25090070626640865,
    "volume_pressure_rel_l2_pct": 25.090070626640866,
    "abupt_axis_mean_rel_l2": 0.3495457939287184,
    "abupt_axis_mean_rel_l2_pct": 34.954579392871835,
    "cases": 50.0,
    "surface_cases": 50.0,
    "volume_cases": 50.0
  },
  "slopes": {
    "slope/abupt_axis_mean_rel_l2_pct": -0.26883446974188985,
    "slope/surface_pressure_rel_l2_pct": -0.6024081119267741,
    "slope/wall_shear_rel_l2_pct": 0.1552255371957898,
    "slope/wall_shear_x_rel_l2_pct": 0.22722561840433997,
    "slope/wall_shear_y_rel_l2_pct": 0.19410266844123214,
    "slope/wall_shear_z_rel_l2_pct": -1.1110140632618268,
    "slope/volume_pressure_rel_l2_pct": -0.05207846036638841,
    "slope/surface_pressure_mae": -0.0009151189831553969,
    "slope/wall_shear_mae": -0.003213073691112678,
    "slope/wall_shear_vector_mae": -0.006735159897895415,
    "slope/volume_pressure_mae": 0.2997631606859059
  },
  "val_seconds": 481.6335804462433,
  "test_seconds": 730.6275067329407
}