{
  "alpha": 3.0,
  "n_cases": 7,
  "mean_pearson_spatial_vs_WSS_mag": 0.3148751599448068,
  "mean_pearson_spatial_vs_Cp_abs": 0.4529129479612623,
  "mean_top10pct_mass": 0.13911365824086325,
  "mean_top10pct_oversample": 1.3911365824086324,
  "mean_bottom50pct_mass": 0.38914997237069265,
  "mean_bottom50pct_undersample": 0.7782999447413853,
  "green_light_threshold_rho_ge_0_20": true,
  "per_case": [
    {
      "case_id": "run_1",
      "n_surface": 8828095,
      "pearson_spatial_vs_WSS_mag": 0.3081609904766083,
      "pearson_spatial_vs_Cp_abs": 0.43498897552490234,
      "weights_min": 1.015175461769104,
      "weights_max": 3.255652666091919,
      "weights_mean": 2.131235122680664,
      "bin_occupancy": {
        "d1_top10pct": 0.14257636666297913,
        "d2_top20pct": 0.2698260545730591,
        "d3_top30pct": 0.3921525180339813,
        "d4_top40pct": 0.508217453956604,
        "d5_top50pct": 0.6172357797622681,
        "d6_top60pct": 0.7127360105514526,
        "d7_top70pct": 0.7925717234611511,
        "d8_top80pct": 0.8687863945960999,
        "d9_top90pct": 0.9386943578720093,
        "d10_top100pct": 1.0000009536743164,
        "bottom_50pct_share": 0.3827654719352722
      }
    },
    {
      "case_id": "run_50",
      "n_surface": 8194077,
      "pearson_spatial_vs_WSS_mag": 0.28457504510879517,
      "pearson_spatial_vs_Cp_abs": 0.41925686597824097,
      "weights_min": 1.0622621774673462,
      "weights_max": 3.2267191410064697,
      "weights_mean": 2.1539509296417236,
      "bin_occupancy": {
        "d1_top10pct": 0.13716712594032288,
        "d2_top20pct": 0.26191192865371704,
        "d3_top30pct": 0.38315245509147644,
        "d4_top40pct": 0.49802714586257935,
        "d5_top50pct": 0.6062674522399902,
        "d6_top60pct": 0.7056440114974976,
        "d7_top70pct": 0.7884669303894043,
        "d8_top80pct": 0.8669946193695068,
        "d9_top90pct": 0.938161313533783,
        "d10_top100pct": 1.0000001192092896,
        "bottom_50pct_share": 0.3937317728996277
      }
    },
    {
      "case_id": "run_100",
      "n_surface": 8254434,
      "pearson_spatial_vs_WSS_mag": 0.35072749853134155,
      "pearson_spatial_vs_Cp_abs": 0.4730038642883301,
      "weights_min": 1.0060957670211792,
      "weights_max": 3.2209694385528564,
      "weights_mean": 2.158628463745117,
      "bin_occupancy": {
        "d1_top10pct": 0.13707396388053894,
        "d2_top20pct": 0.26314643025398254,
        "d3_top30pct": 0.3857037127017975,
        "d4_top40pct": 0.5014445781707764,
        "d5_top50pct": 0.6100761294364929,
        "d6_top60pct": 0.7086231708526611,
        "d7_top70pct": 0.7911376357078552,
        "d8_top80pct": 0.8693109154701233,
        "d9_top90pct": 0.939386785030365,
        "d10_top100pct": 1.000001072883606,
        "bottom_50pct_share": 0.38992470502853394
      }
    },
    {
      "case_id": "run_200",
      "n_surface": 8377308,
      "pearson_spatial_vs_WSS_mag": 0.32821017503738403,
      "pearson_spatial_vs_Cp_abs": 0.482928603887558,
      "weights_min": 1.0123472213745117,
      "weights_max": 3.2513930797576904,
      "weights_mean": 2.1287713050842285,
      "bin_occupancy": {
        "d1_top10pct": 0.14071473479270935,
        "d2_top20pct": 0.26625609397888184,
        "d3_top30pct": 0.3873341977596283,
        "d4_top40pct": 0.5026587843894958,
        "d5_top50pct": 0.6116310954093933,
        "d6_top60pct": 0.7116687893867493,
        "d7_top70pct": 0.7929148077964783,
        "d8_top80pct": 0.8694411516189575,
        "d9_top90pct": 0.9391852617263794,
        "d10_top100pct": 0.9999990463256836,
        "bottom_50pct_share": 0.38836830854415894
      }
    },
    {
      "case_id": "run_300",
      "n_surface": 8185956,
      "pearson_spatial_vs_WSS_mag": 0.3421241044998169,
      "pearson_spatial_vs_Cp_abs": 0.47566697001457214,
      "weights_min": 1.0114033222198486,
      "weights_max": 3.232090473175049,
      "weights_mean": 2.1827707290649414,
      "bin_occupancy": {
        "d1_top10pct": 0.13656476140022278,
        "d2_top20pct": 0.26243555545806885,
        "d3_top30pct": 0.3847508728504181,
        "d4_top40pct": 0.5003683567047119,
        "d5_top50pct": 0.608887255191803,
        "d6_top60pct": 0.706889271736145,
        "d7_top70pct": 0.7897152304649353,
        "d8_top80pct": 0.8682950735092163,
        "d9_top90pct": 0.9389442801475525,
        "d10_top100pct": 1.0000011920928955,
        "bottom_50pct_share": 0.39111337065696716
      }
    },
    {
      "case_id": "run_400",
      "n_surface": 8701452,
      "pearson_spatial_vs_WSS_mag": 0.2993924915790558,
      "pearson_spatial_vs_Cp_abs": 0.4502580761909485,
      "weights_min": 1.084135890007019,
      "weights_max": 3.259828567504883,
      "weights_mean": 2.1445436477661133,
      "bin_occupancy": {
        "d1_top10pct": 0.14091405272483826,
        "d2_top20pct": 0.2666659653186798,
        "d3_top30pct": 0.3876444101333618,
        "d4_top40pct": 0.5026897192001343,
        "d5_top50pct": 0.6113033294677734,
        "d6_top60pct": 0.7100353240966797,
        "d7_top70pct": 0.7907328605651855,
        "d8_top80pct": 0.8676834106445312,
        "d9_top90pct": 0.9381221532821655,
        "d10_top100pct": 0.9999993443489075,
        "bottom_50pct_share": 0.388695627450943
      }
    },
    {
      "case_id": "run_485",
      "n_surface": 9242495,
      "pearson_spatial_vs_WSS_mag": 0.29093581438064575,
      "pearson_spatial_vs_Cp_abs": 0.43428727984428406,
      "weights_min": 1.010367751121521,
      "weights_max": 3.2549805641174316,
      "weights_mean": 2.1738297939300537,
      "bin_occupancy": {
        "d1_top10pct": 0.13878460228443146,
        "d2_top20pct": 0.26436054706573486,
        "d3_top30pct": 0.3861728012561798,
        "d4_top40pct": 0.5017316341400146,
        "d5_top50pct": 0.6105501651763916,
        "d6_top60pct": 0.7084041833877563,
        "d7_top70pct": 0.7901535034179688,
        "d8_top80pct": 0.8678624033927917,
        "d9_top90pct": 0.9385550618171692,
        "d10_top100pct": 1.000001072883606,
        "bottom_50pct_share": 0.3894505500793457
      }
    }
  ]
}